{
  "x": 347.8833312988281,
  "y": 119,
  "width": 44.41667175292969,
  "height": 16
}