{
  "x": 354.83331298828125,
  "y": 120,
  "width": 42.66667175292969,
  "height": 14
}