{
  "x": 337.58331298828125,
  "y": 120,
  "width": 30.2166748046875,
  "height": 14
}