{
  "x": 371.8333129882813,
  "y": 120,
  "width": 42.66667175292969,
  "height": 14
}