{
  "x": 220.73333740234375,
  "y": 119,
  "width": 44.416656494140625,
  "height": 16
}