{
  "x": 289.316650390625,
  "y": 119,
  "width": 44.41667175292969,
  "height": 16
}