{
  "x": 348.70001220703125,
  "y": 119,
  "width": 44.41667175292969,
  "height": 16
}