{
  "x": 340.2833251953125,
  "y": 119,
  "width": 30.21665954589844,
  "height": 16
}